{
    "абстракционизм": 0.16666666666666666,
    "марина": 0.16666666666666666,
    "импрессионизм": 0.16666666666666666,
    "ренессанс": 0.16666666666666666,
    "экспрессионизм": 0.16666666666666666,
    "модернизм": 0.16666666666666666
}